<?xml version="1.0" encoding="UTF-8"?>
<!--
 Web Services API : WebToLeadServices
-->
<definitions targetNamespace="http://soap.sforce.com/schemas/class/WebToLeadServices" xmlns:xsd="http://www.w3.org/2001/XMLSchema" xmlns="http://schemas.xmlsoap.org/wsdl/" xmlns:soap="http://schemas.xmlsoap.org/wsdl/soap/" xmlns:tns="http://soap.sforce.com/schemas/class/WebToLeadServices">
 <types>
  <xsd:schema elementFormDefault="qualified" targetNamespace="http://soap.sforce.com/schemas/class/WebToLeadServices">
   <xsd:element name="AllowFieldTruncationHeader">
    <xsd:complexType>
     <xsd:sequence>
      <xsd:element name="allowFieldTruncation" type="xsd:boolean"/>
     </xsd:sequence>
    </xsd:complexType>
   </xsd:element>
   <xsd:element name="CallOptions">
    <xsd:complexType>
     <xsd:sequence>
      <xsd:element name="client" type="xsd:string"/>
     </xsd:sequence>
    </xsd:complexType>
   </xsd:element>
   <xsd:element name="DebuggingHeader">
    <xsd:complexType>
     <xsd:sequence>
      <xsd:element name="categories" minOccurs="0" maxOccurs="unbounded" type="tns:LogInfo"/>
      <xsd:element name="debugLevel" type="tns:LogType"/>
     </xsd:sequence>
    </xsd:complexType>
   </xsd:element>
   <xsd:complexType name="LogInfo">
    <xsd:sequence>
     <xsd:element name="category" type="tns:LogCategory"/>
     <xsd:element name="level" type="tns:LogCategoryLevel"/>
    </xsd:sequence>
   </xsd:complexType>
   <xsd:simpleType name="LogCategory">
    <xsd:restriction base="xsd:string">
     <xsd:enumeration value="Db"/>
     <xsd:enumeration value="Workflow"/>
     <xsd:enumeration value="Validation"/>
     <xsd:enumeration value="Callout"/>
     <xsd:enumeration value="Apex_code"/>
     <xsd:enumeration value="Apex_profiling"/>
     <xsd:enumeration value="Visualforce"/>
     <xsd:enumeration value="System"/>
     <xsd:enumeration value="All"/>
    </xsd:restriction>
   </xsd:simpleType>
   <xsd:simpleType name="LogCategoryLevel">
    <xsd:restriction base="xsd:string">
     <xsd:enumeration value="None"/>
     <xsd:enumeration value="Internal"/>
     <xsd:enumeration value="Finest"/>
     <xsd:enumeration value="Finer"/>
     <xsd:enumeration value="Fine"/>
     <xsd:enumeration value="Debug"/>
     <xsd:enumeration value="Info"/>
     <xsd:enumeration value="Warn"/>
     <xsd:enumeration value="Error"/>
    </xsd:restriction>
   </xsd:simpleType>
   <xsd:simpleType name="LogType">
    <xsd:restriction base="xsd:string">
     <xsd:enumeration value="None"/>
     <xsd:enumeration value="Debugonly"/>
     <xsd:enumeration value="Db"/>
     <xsd:enumeration value="Profiling"/>
     <xsd:enumeration value="Callout"/>
     <xsd:enumeration value="Detail"/>
    </xsd:restriction>
   </xsd:simpleType>
   <xsd:element name="DebuggingInfo">
    <xsd:complexType>
     <xsd:sequence>
      <xsd:element name="debugLog" type="xsd:string"/>
     </xsd:sequence>
    </xsd:complexType>
   </xsd:element>
   <xsd:element name="SessionHeader">
    <xsd:complexType>
     <xsd:sequence>
      <xsd:element name="sessionId" type="xsd:string"/>
     </xsd:sequence>
    </xsd:complexType>
   </xsd:element>
   <xsd:simpleType name="ID">
    <xsd:restriction base="xsd:string">
     <xsd:length value="18"/>
     <xsd:pattern value="[a-zA-Z0-9]{18}"/>
    </xsd:restriction>
   </xsd:simpleType>
   <xsd:complexType name="WebLead">
    <xsd:sequence>
     <xsd:element name="campaignCode" minOccurs="0" type="xsd:string" nillable="true"/>
     <xsd:element name="capturePoint" minOccurs="0" type="xsd:string" nillable="true"/>
     <xsd:element name="channelCode" minOccurs="0" type="xsd:string" nillable="true"/>
     <xsd:element name="countryCode" minOccurs="0" type="xsd:string" nillable="true"/>
     <xsd:element name="description" minOccurs="0" type="xsd:string" nillable="true"/>
     <xsd:element name="dialingCode" minOccurs="0" type="xsd:string" nillable="true"/>
     <xsd:element name="emailAddress" minOccurs="0" type="xsd:string" nillable="true"/>
     <xsd:element name="fullName" minOccurs="0" type="xsd:string" nillable="true"/>
     <xsd:element name="leadLocation" minOccurs="0" type="xsd:string" nillable="true"/>
     <xsd:element name="mobileNumber" minOccurs="0" type="xsd:string" nillable="true"/>
     <xsd:element name="pageURL" minOccurs="0" type="xsd:string" nillable="true"/>
     <xsd:element name="placement" minOccurs="0" type="xsd:string" nillable="true"/>
     <xsd:element name="ProjectInterested" minOccurs="0" type="xsd:string" nillable="true"/>
     <xsd:element name="searchKeyword" minOccurs="0" type="xsd:string" nillable="true"/>
     <xsd:element name="source" minOccurs="0" type="xsd:string" nillable="true"/>
     <xsd:element name="tollFreeNumber" minOccurs="0" type="xsd:string" nillable="true"/>
    </xsd:sequence>
   </xsd:complexType>
   <xsd:complexType name="WebTask">
    <xsd:sequence>
     <xsd:element name="callDisposition" minOccurs="0" type="xsd:string" nillable="true"/>
     <xsd:element name="callType" minOccurs="0" type="xsd:string" nillable="true"/>
     <xsd:element name="countryCode" minOccurs="0" type="xsd:string" nillable="true"/>
     <xsd:element name="description" minOccurs="0" type="xsd:string" nillable="true"/>
     <xsd:element name="dialingCode" minOccurs="0" type="xsd:string" nillable="true"/>
     <xsd:element name="mobileNumber" minOccurs="0" type="xsd:string" nillable="true"/>
     <xsd:element name="recordId" minOccurs="0" type="tns:ID" nillable="true"/>
     <xsd:element name="source" minOccurs="0" type="xsd:string" nillable="true"/>
     <xsd:element name="Status" minOccurs="0" type="xsd:string" nillable="true"/>
     <xsd:element name="Subject" minOccurs="0" type="xsd:string" nillable="true"/>
     <xsd:element name="taskType" minOccurs="0" type="xsd:string" nillable="true"/>
     <xsd:element name="tollfreeNumber" minOccurs="0" type="xsd:string" nillable="true"/>
    </xsd:sequence>
   </xsd:complexType>
   <xsd:complexType name="result">
    <xsd:sequence>
     <xsd:element name="message" minOccurs="0" type="xsd:string" nillable="true"/>
     <xsd:element name="recordId" minOccurs="0" type="tns:ID" nillable="true"/>
     <xsd:element name="returnCode" minOccurs="0" type="xsd:int" nillable="true"/>
    </xsd:sequence>
   </xsd:complexType>
   <xsd:complexType name="address">
    <xsd:complexContent>
     <xsd:extension base="tns:location">
      <xsd:sequence>
       <xsd:element name="city" type="xsd:string"/>
       <xsd:element name="country" type="xsd:string"/>
       <xsd:element name="countryCode" type="xsd:string"/>
       <xsd:element name="geocodeAccuracy" type="xsd:string"/>
       <xsd:element name="postalCode" type="xsd:string"/>
       <xsd:element name="state" type="xsd:string"/>
       <xsd:element name="stateCode" type="xsd:string"/>
       <xsd:element name="street" type="xsd:string"/>
      </xsd:sequence>
     </xsd:extension>
    </xsd:complexContent>
   </xsd:complexType>
   <xsd:complexType name="location">
    <xsd:sequence>
     <xsd:element name="latitude" type="xsd:double"/>
     <xsd:element name="longitude" type="xsd:double"/>
    </xsd:sequence>
   </xsd:complexType>
   <xsd:element name="createLeadFromWeb">
    <xsd:complexType>
     <xsd:sequence>
      <xsd:element name="wl" type="tns:WebLead" nillable="true"/>
     </xsd:sequence>
    </xsd:complexType>
   </xsd:element>
   <xsd:element name="createLeadFromWebResponse">
    <xsd:complexType>
     <xsd:sequence>
      <xsd:element name="result" type="tns:result" nillable="true"/>
     </xsd:sequence>
    </xsd:complexType>
   </xsd:element>
   <xsd:element name="createMissedCallLog">
    <xsd:complexType>
     <xsd:sequence>
      <xsd:element name="wt" type="tns:WebTask" nillable="true"/>
     </xsd:sequence>
    </xsd:complexType>
   </xsd:element>
   <xsd:element name="createMissedCallLogResponse">
    <xsd:complexType>
     <xsd:sequence>
      <xsd:element name="result" type="tns:result" nillable="true"/>
     </xsd:sequence>
    </xsd:complexType>
   </xsd:element>
  </xsd:schema>
 </types>
 <!-- Message for the header parts -->
 <message name="Header">
  <part name="AllowFieldTruncationHeader" element="tns:AllowFieldTruncationHeader"/>
  <part name="CallOptions" element="tns:CallOptions"/>
  <part name="DebuggingHeader" element="tns:DebuggingHeader"/>
  <part name="DebuggingInfo" element="tns:DebuggingInfo"/>
  <part name="SessionHeader" element="tns:SessionHeader"/>
 </message>
 <!-- Operation Messages -->
 <message name="createLeadFromWebRequest">
  <part element="tns:createLeadFromWeb" name="parameters"/>
 </message>
 <message name="createLeadFromWebResponse">
  <part element="tns:createLeadFromWebResponse" name="parameters"/>
 </message>
 <message name="createMissedCallLogRequest">
  <part element="tns:createMissedCallLog" name="parameters"/>
 </message>
 <message name="createMissedCallLogResponse">
  <part element="tns:createMissedCallLogResponse" name="parameters"/>
 </message>
 <portType name="WebToLeadServicesPortType">
  <operation name="createLeadFromWeb">
   <input message="tns:createLeadFromWebRequest"/>
   <output message="tns:createLeadFromWebResponse"/>
  </operation>
  <operation name="createMissedCallLog">
   <input message="tns:createMissedCallLogRequest"/>
   <output message="tns:createMissedCallLogResponse"/>
  </operation>
 </portType>
 <binding name="WebToLeadServicesBinding" type="tns:WebToLeadServicesPortType">
  <soap:binding style="document" transport="http://schemas.xmlsoap.org/soap/http"/>
  <operation name="createLeadFromWeb">
   <soap:operation soapAction=""/>
   <input>
    <soap:header use="literal" part="SessionHeader" message="tns:Header"/>
    <soap:header use="literal" part="CallOptions" message="tns:Header"/>
    <soap:header use="literal" part="DebuggingHeader" message="tns:Header"/>
    <soap:header use="literal" part="AllowFieldTruncationHeader" message="tns:Header"/>
    <soap:body use="literal" parts="parameters"/>
   </input>
   <output>
    <soap:header use="literal" part="DebuggingInfo" message="tns:Header"/>
    <soap:body use="literal"/>
   </output>
  </operation>
  <operation name="createMissedCallLog">
   <soap:operation soapAction=""/>
   <input>
    <soap:header use="literal" part="SessionHeader" message="tns:Header"/>
    <soap:header use="literal" part="CallOptions" message="tns:Header"/>
    <soap:header use="literal" part="DebuggingHeader" message="tns:Header"/>
    <soap:header use="literal" part="AllowFieldTruncationHeader" message="tns:Header"/>
    <soap:body use="literal" parts="parameters"/>
   </input>
   <output>
    <soap:header use="literal" part="DebuggingInfo" message="tns:Header"/>
    <soap:body use="literal"/>
   </output>
  </operation>
 </binding>
 <service name="WebToLeadServicesService">
  <documentation></documentation>
  <port binding="tns:WebToLeadServicesBinding" name="WebToLeadServices">
   <soap:address location="https://ap2.salesforce.com/services/Soap/class/WebToLeadServices"/>
  </port>
 </service>
</definitions>